Date,x_Oil,x_DXY,x_VIX,y_EM_Spread,x_HY_Spread,EM_Spread_raw,EM_Spread_prev,x_Oil_chg,x_DXY_chg,x_VIX_chg,y_EM_Spread_chg,x_HY_Spread_chg,x_Oil_carry_rtn,x_Oil_price_rtn,x_Oil_total_rtn,x_DXY_carry_rtn,x_DXY_price_rtn,x_DXY_total_rtn,x_VIX_carry_rtn,x_VIX_price_rtn,x_VIX_total_rtn,y_EM_Spread_carry_rtn,y_EM_Spread_price_rtn,y_EM_Spread_total_rtn,x_HY_Spread_carry_rtn,x_HY_Spread_price_rtn,x_HY_Spread_total_rtn,y_EM_Spread_pred,y_EM_Spread_resid,y_EM_Spread_pred_v2,y_EM_Spread_pred_val_v2,x_Oil_total_rtn_coeff,x_DXY_total_rtn_coeff,x_VIX_total_rtn_coeff,x_HY_Spread_total_rtn_coeff,y_EM_Spread_pred_val,y_EM_Spread_resid_val,y_EM_Spread_resid_val_v2,EM_Spread_Actual,y_EM_Spread_resid_v2,Pred_dir,y_EM_Spread_chg_abs
2011-01-05,90.3,80.258,17.02,265,4.95,265,284.0,1.6099999999999994,0.40099999999999625,-0.9699999999999989,-19.0,-0.5899999999999999,0.0,0.01815311760063132,0.01815311760063132,0.0,0.00502147588814994,0.00502147588814994,0.0,-0.053918843802112204,-0.053918843802112204,0.002888888888888889,0.0095,0.012388888888888889,0.003,0.023599999999999996,0.026599999999999995,0,0,0.006939088261473094,0,0.03712788813391986,-0.09828522515794025,-0.03236838936289821,0.29707748078615714,270.1218234770538,-5.121823477053795,5.121823477053795,0.0095,0.0025609117385269053,1,19.0
2011-02-03,90.54,77.748,16.69,276,4.66,276,265.0,0.2400000000000091,-2.509999999999991,-0.3299999999999983,11.0,-0.29000000000000004,0.0,0.0026578073089702503,0.0026578073089702503,0.0,-0.031274140895611535,-0.031274140895611535,0.0,-0.019388954171562722,-0.019388954171562722,0.002888888888888889,-0.0055,-0.0026111111111111105,0.003,0.011600000000000001,0.014600000000000002,0,0,0.005248496300548827,0,0.03712788813391986,-0.09828522515794025,-0.03236838936289821,0.29707748078615714,254.50300739890235,21.496992601097645,21.496992601097645,-0.0055,0.010748496300548827,0,11.0
2011-03-04,104.42,76.4,19.06,280,4.51,280,276.0,13.879999999999995,-1.347999999999999,2.3699999999999974,4.0,-0.15000000000000036,0.0,0.1533024077755687,0.1533024077755687,0.0,-0.017338066574059785,-0.017338066574059785,0.0,0.1420011983223486,0.1420011983223486,0.002888888888888889,-0.002,0.0008888888888888891,0.003,0.006000000000000014,0.009000000000000015,0,0,0.0025843287844773276,0,0.03712788813391986,-0.09828522515794025,-0.03236838936289821,0.29707748078615714,270.83134243104536,9.168657568954643,9.168657568954643,-0.002,0.004584328784477327,0,4.0
2011-04-01,107.94,75.833,17.4,274,4.6,274,280.0,3.519999999999996,-0.5670000000000073,-1.6600000000000001,-6.0,0.08999999999999986,0.0,0.03371001723807687,0.03371001723807687,0.0,-0.007421465968586505,-0.007421465968586505,0.0,-0.08709338929695698,-0.08709338929695698,0.002888888888888889,0.003,0.00588888888888889,0.003,-0.0035999999999999943,-0.0005999999999999942,0,0,0.001732939561070138,0,0.03712788813391986,-0.09828522515794025,-0.03236838936289821,0.29707748078615714,276.5341208778597,-2.5341208778597206,2.5341208778597206,0.003,0.001267060438929862,1,6.0
2011-05-02,113.52,72.95100000000001,15.99,281,4.59,281,274.0,5.579999999999998,-2.881999999999991,-1.4099999999999984,7.0,-0.009999999999999787,0.0,0.05169538632573656,0.05169538632573656,0.0,-0.03800456265741814,-0.03800456265741814,0.0,-0.08103448275862057,-0.08103448275862057,0.002888888888888889,-0.0035,-0.0006111111111111109,0.003,0.00039999999999999145,0.0033999999999999916,0,0,0.0063987577538912425,0,0.03712788813391986,-0.09828522515794025,-0.03236838936289821,0.29707748078615714,261.20248449221754,19.797515507782464,19.797515507782464,-0.0035,0.009898757753891242,0,7.0
2011-05-31,102.7,74.638,15.45,298,4.92,298,281.0,-10.819999999999993,1.6869999999999976,-0.5400000000000009,17.0,0.33000000000000007,0.0,-0.0953136011275546,-0.0953136011275546,0.0,0.02312511137612905,0.02312511137612905,0.0,-0.03377110694183871,-0.03377110694183871,0.002888888888888889,-0.0085,-0.005611111111111112,0.003,-0.013200000000000003,-0.010200000000000004,0,0,-0.010637612352908376,0,0.03712788813391986,-0.09828522515794025,-0.03236838936289821,0.29707748078615714,302.27522470581675,-4.275224705816754,4.275224705816754,-0.0085,0.002137612352908375,1,17.0
2011-06-28,92.89,75.063,19.17,307,5.5,307,298.0,-9.810000000000002,0.42499999999999716,3.7200000000000024,9.0,0.5800000000000001,0.0,-0.09552093476144108,-0.09552093476144108,0.0,0.0056941504327554515,0.0056941504327554515,0.0,0.24077669902912646,0.24077669902912646,0.002888888888888889,-0.0045,-0.0016111111111111105,0.003,-0.023200000000000002,-0.020200000000000003,0,0,-0.020789549382094177,0,0.03712788813391986,-0.09828522515794025,-0.03236838936289821,0.29707748078615714,339.57909876418836,-32.57909876418836,32.57909876418836,-0.0045,0.016289549382094176,1,9.0
2011-07-27,97.4,74.087,22.98,300,5.23,300,307.0,4.510000000000005,-0.9759999999999991,3.8099999999999987,-7.0,-0.2699999999999996,0.0,0.04855205081278946,0.04855205081278946,0.0,-0.01300241130783475,-0.01300241130783475,0.0,0.19874804381846634,0.19874804381846634,0.002888888888888889,0.0035,0.006388888888888889,0.003,0.010799999999999983,0.013799999999999982,0,0,-0.0021417936872340716,0,0.03712788813391986,-0.09828522515794025,-0.03236838936289821,0.29707748078615714,311.28358737446814,-11.28358737446814,11.28358737446814,0.0035,0.005641793687234072,0,7.0
2011-08-24,84.98,74.012,35.9,375,7.31,375,300.0,-12.420000000000002,-0.07500000000000284,12.919999999999998,75.0,2.079999999999999,0.0,-0.12751540041067766,-0.12751540041067766,0.0,-0.0010123233495755724,-0.0010123233495755724,0.0,0.5622280243690165,0.5622280243690165,0.002888888888888889,-0.0375,-0.034611111111111106,0.003,-0.08319999999999997,-0.08019999999999997,0,0,-0.049547799544901995,0,0.03712788813391986,-0.09828522515794025,-0.03236838936289821,0.29707748078615714,399.095599089804,-24.09559908980401,24.09559908980401,-0.0375,0.012047799544901996,1,75.0
2011-09-22,80.26,78.455,41.35,457,7.67,457,375.0,-4.719999999999999,4.442999999999998,5.450000000000003,82.0,0.3600000000000003,0.0,-0.05554248058366673,-0.05554248058366673,0.0,0.0600308058152732,0.0600308058152732,0.0,0.15181058495821742,0.15181058495821742,0.002888888888888889,-0.041,-0.03811111111111111,0.003,-0.014400000000000012,-0.01140000000000001,0,0,-0.019151752564945515,0,0.03712788813391986,-0.09828522515794025,-0.03236838936289821,0.29707748078615714,413.30350512989105,43.69649487010895,43.69649487010895,-0.041,0.021848247435054487,1,82.0
2011-10-20,85.3,76.97399999999999,34.78,432,7.25,432,457.0,5.039999999999992,-1.4810000000000088,-6.57,-25.0,-0.41999999999999993,0.0,0.06279591328183387,0.06279591328183387,0.0,-0.018877063284685636,-0.018877063284685636,0.0,-0.15888754534461913,-0.15888754534461913,0.002888888888888889,0.0125,0.01538888888888889,0.003,0.016799999999999995,0.019799999999999995,0,0,0.012322995222158073,0,0.03712788813391986,-0.09828522515794025,-0.03236838936289821,0.29707748078615714,432.35400955568383,-0.35400955568383097,0.35400955568383097,0.0125,0.00017700477784192772,1,25.0
2011-11-17,98.82,78.282,34.51,432,7.17,432,432.0,13.519999999999996,1.308000000000007,-0.2700000000000031,0.0,-0.08000000000000007,0.0,0.15849941383352872,0.15849941383352872,0.0,0.016992750798971112,0.016992750798971112,0.0,-0.007763082231167395,-0.007763082231167395,0.002888888888888889,-0.0,0.002888888888888889,0.003,0.0032000000000000028,0.006200000000000002,0,0,0.003418882128073388,0,0.03712788813391986,-0.09828522515794025,-0.03236838936289821,0.29707748078615714,425.1622357438532,6.837764256146784,6.837764256146784,0.0,0.003418882128073388,0,0.0
2011-12-16,93.53,80.256,24.29,455,7.24,455,432.0,-5.289999999999992,1.9740000000000038,-10.219999999999999,23.0,0.07000000000000028,0.0,-0.05353167375025292,-0.05353167375025292,0.0,0.025216524871618073,0.025216524871618073,0.0,-0.2961460446247465,-0.2961460446247465,0.002888888888888889,-0.0115,-0.008611111111111111,0.003,-0.0028000000000000112,0.00019999999999998882,0,0,0.002290367268635693,0,0.03712788813391986,-0.09828522515794025,-0.03236838936289821,0.29707748078615714,427.4192654627286,27.580734537271383,27.580734537271383,-0.0115,0.013790367268635693,0,23.0
2012-01-18,100.59,80.609,20.89,442,6.71,442,455.0,7.060000000000002,0.35299999999999443,-3.3999999999999986,-13.0,-0.5300000000000002,0.0,0.07548380198866678,0.07548380198866678,0.0,0.004398425039872311,0.004398425039872311,0.0,-0.1399752984767394,-0.1399752984767394,0.002888888888888889,0.0065,0.00938888888888889,0.003,0.02120000000000001,0.02420000000000001,0,0,0.011201415069193116,0,0.03712788813391986,-0.09828522515794025,-0.03236838936289821,0.29707748078615714,432.5971698616138,9.402830138386207,9.402830138386207,0.0065,0.004701415069193116,1,13.0
2012-02-15,101.8,79.67,21.14,395,6.14,395,442.0,1.2099999999999937,-0.938999999999993,0.25,-47.0,-0.5700000000000003,0.0,0.012029028730490054,0.012029028730490054,0.0,-0.011648823332382152,-0.011648823332382152,0.0,0.011967448539971226,0.011967448539971226,0.002888888888888889,0.0235,0.02638888888888889,0.003,0.02280000000000001,0.02580000000000001,0,0,0.005979862738485322,0,0.03712788813391986,-0.09828522515794025,-0.03236838936289821,0.29707748078615714,430.0402745230294,-35.04027452302938,35.04027452302938,0.0235,0.017520137261514676,1,47.0
2012-03-15,105.11,80.15,15.42,340,5.67,340,395.0,3.3100000000000023,0.480000000000004,-5.720000000000001,-55.0,-0.46999999999999975,0.0,0.032514734774066856,0.032514734774066856,0.0,0.006024852516631096,0.006024852516631096,0.0,-0.2705771050141911,-0.2705771050141911,0.002888888888888889,0.0275,0.03038888888888889,0.003,0.01879999999999999,0.02179999999999999,0,0,0.012960594729289624,0,0.03712788813391986,-0.09828522515794025,-0.03236838936289821,0.29707748078615714,369.07881054142075,-29.07881054142075,29.07881054142075,0.0275,0.014539405270710376,1,55.0
2012-04-13,102.83,79.888,19.55,370,6.05,370,340.0,-2.280000000000001,-0.26200000000000045,4.130000000000001,30.0,0.3799999999999999,0.0,-0.02169156122157745,-0.02169156122157745,0.0,-0.0032688708671241296,-0.0032688708671241296,0.0,0.2678339818417641,0.2678339818417641,0.002888888888888889,-0.015,-0.01211111111111111,0.003,-0.015199999999999995,-0.012199999999999996,0,0,-0.01566666891264691,0,0.03712788813391986,-0.09828522515794025,-0.03236838936289821,0.29707748078615714,371.3333378252938,-1.3333378252938246,1.3333378252938246,-0.015,0.0006666689126469116,1,30.0
2012-05-11,96.13,80.264,19.89,371,5.81,371,370.0,-6.700000000000003,0.37599999999999056,0.33999999999999986,1.0,-0.2400000000000002,0.0,-0.06515608285519792,-0.06515608285519792,0.0,0.004706589224914737,0.004706589224914737,0.0,0.017391304347825987,0.017391304347825987,0.002888888888888889,-0.0005,0.002388888888888889,0.003,0.009600000000000008,0.012600000000000007,0,0,-0.0025903370788312855,0,0.03712788813391986,-0.09828522515794025,-0.03236838936289821,0.29707748078615714,375.18067415766257,-4.1806741576625654,4.1806741576625654,-0.0005,0.0020903370788312855,1,1.0
2012-06-11,82.7,82.515,23.56,406,6.64,406,371.0,-13.429999999999993,2.2510000000000048,3.669999999999998,35.0,0.8300000000000001,0.0,-0.13970664724851756,-0.13970664724851756,0.0,0.028044951659523587,0.028044951659523587,0.0,0.1845148315736551,0.1845148315736551,0.002888888888888889,-0.0175,-0.014611111111111113,0.003,-0.0332,-0.0302,0,0,-0.025776493879244276,0,0.03712788813391986,-0.09828522515794025,-0.03236838936289821,0.29707748078615714,422.55298775848854,-16.55298775848854,16.55298775848854,-0.0175,0.008276493879244274,1,35.0
2012-07-10,83.91,83.4,18.72,380,6.09,380,406.0,1.2099999999999937,0.8850000000000051,-4.84,-26.0,-0.5499999999999998,0.0,0.014631197097944248,0.014631197097944248,0.0,0.010725322668605708,0.010725322668605708,0.0,-0.2054329371816639,-0.2054329371816639,0.002888888888888889,0.013,0.01588888888888889,0.003,0.021999999999999995,0.024999999999999994,0,0,0.010676666125167277,0,0.03712788813391986,-0.09828522515794025,-0.03236838936289821,0.29707748078615714,384.6466677496654,-4.646667749665426,4.646667749665426,0.013,0.0023233338748327222,1,26.0
2012-08-07,93.67,82.21,15.99,336,5.65,336,380.0,9.760000000000005,-1.190000000000012,-2.7299999999999986,-44.0,-0.4399999999999995,0.0,0.1163150995113813,0.1163150995113813,0.0,-0.014268585131894662,-0.014268585131894662,0.0,-0.14583333333333326,-0.14583333333333326,0.002888888888888889,0.022,0.024888888888888887,0.003,0.01759999999999998,0.02059999999999998,0,0,0.013672222436046422,0,0.03712788813391986,-0.09828522515794025,-0.03236838936289821,0.29707748078615714,352.6555551279072,-16.655555127907178,16.655555127907178,0.022,0.008327777563953576,1,44.0
2012-09-05,95.36,81.235,17.74,337,5.69,337,336.0,1.6899999999999977,-0.9749999999999943,1.7499999999999982,1.0,0.040000000000000036,0.0,0.018042062560051253,0.018042062560051253,0.0,-0.011859871061914551,-0.011859871061914551,0.0,0.10944340212632886,0.10944340212632886,0.002888888888888889,-0.0005,0.002388888888888889,0.003,-0.0016000000000000014,0.0013999999999999987,0,0,-0.004179973290914346,0,0.03712788813391986,-0.09828522515794025,-0.03236838936289821,0.29707748078615714,344.3599465818287,-7.359946581828694,7.359946581828694,-0.0005,0.0036799732909143456,1,1.0
2012-10-03,88.14,79.965,15.43,313,5.51,313,337.0,-7.219999999999999,-1.269999999999996,-2.3099999999999987,-24.0,-0.1800000000000006,0.0,-0.07571308724832215,-0.07571308724832215,0.0,-0.015633655444081906,-0.015633655444081906,0.0,-0.13021420518602023,-0.13021420518602023,0.002888888888888889,0.012,0.014888888888888889,0.003,0.007200000000000024,0.010200000000000025,0,0,0.0030816158209051726,0,0.03712788813391986,-0.09828522515794025,-0.03236838936289821,0.29707748078615714,330.83676835818966,-17.83676835818966,17.83676835818966,0.012,0.008918384179094827,1,24.0
2012-11-02,84.86,80.593,17.59,295,5.37,295,313.0,-3.280000000000001,0.6280000000000001,2.16,-18.0,-0.13999999999999968,0.0,-0.03721352393918764,-0.03721352393918764,0.0,0.007853435878196757,0.007853435878196757,0.0,0.13998703823720038,0.13998703823720038,0.002888888888888889,0.009,0.011888888888888888,0.003,0.005599999999999987,0.008599999999999986,0,0,-0.007018713780983685,0,0.03712788813391986,-0.09828522515794025,-0.03236838936289821,0.29707748078615714,327.0374275619674,-32.03742756196738,32.03742756196738,0.009,0.016018713780983684,0,18.0
2012-12-03,89.09,79.882,16.64,297,5.42,297,295.0,4.230000000000004,-0.7109999999999985,-0.9499999999999993,2.0,0.04999999999999982,0.0,0.04984680650483164,0.04984680650483164,0.0,-0.008822106138250185,-0.008822106138250185,0.0,-0.05400795906765199,-0.05400795906765199,0.002888888888888889,-0.001,0.0018888888888888892,0.003,-0.001999999999999993,0.001000000000000007,0,0,0.0018741285836042028,0,0.03712788813391986,-0.09828522515794025,-0.03236838936289821,0.29707748078615714,291.2517428327916,5.748257167208408,5.748257167208408,-0.001,0.002874128583604203,0,2.0
2013-01-02,93.12,79.845,14.68,270,4.93,270,297.0,4.030000000000001,-0.03700000000000614,-1.9600000000000009,-27.0,-0.4900000000000002,0.0,0.04523515546076995,0.04523515546076995,0.0,-0.00046318319521299056,-0.00046318319521299056,0.0,-0.11778846153846156,-0.11778846153846156,0.002888888888888889,0.0135,0.01638888888888889,0.003,0.01960000000000001,0.02260000000000001,0,0,0.009362694818710774,0,0.03712788813391986,-0.09828522515794025,-0.03236838936289821,0.29707748078615714,278.27461036257847,-8.274610362578471,8.274610362578471,0.0135,0.004137305181289226,1,27.0
2013-01-31,97.49,79.207,14.28,275,4.77,275,270.0,4.36999999999999,-0.6380000000000052,-0.40000000000000036,5.0,-0.16000000000000014,0.0,0.046928694158075546,0.046928694158075546,0.0,-0.007990481558018736,-0.007990481558018736,0.0,-0.027247956403269824,-0.027247956403269824,0.002888888888888889,-0.0025,0.00038888888888888914,0.003,0.0064000000000000055,0.009400000000000006,0,0,0.0033133214787275105,0,0.03712788813391986,-0.09828522515794025,-0.03236838936289821,0.29707748078615714,263.37335704254497,11.626642957455033,11.626642957455033,-0.0025,0.0058133214787275105,0,5.0
2013-03-01,90.68,82.31299999999999,15.36,286,4.71,286,275.0,-6.809999999999988,3.1059999999999945,1.08,11.0,-0.05999999999999961,0.0,-0.06985331828905517,-0.06985331828905517,0.0,0.03921370585933048,0.03921370585933048,0.0,0.07563025210084029,0.07563025210084029,0.002888888888888889,-0.0055,-0.0026111111111111105,0.003,0.002399999999999984,0.005399999999999985,0,0,-0.010180334037138469,0,0.03712788813391986,-0.09828522515794025,-0.03236838936289821,0.29707748078615714,295.36066807427693,-9.36066807427693,9.36066807427693,-0.0055,0.004680334037138469,1,11.0
2013-04-01,97.07,82.73299999999999,13.58,299,4.63,299,286.0,6.389999999999986,0.4200000000000017,-1.7799999999999994,13.0,-0.08000000000000007,0.0,0.07046757829730899,0.07046757829730899,0.0,0.005102474700229731,0.005102474700229731,0.0,-0.11588541666666663,-0.11588541666666663,0.002888888888888889,-0.0065,-0.0036111111111111105,0.003,0.0032000000000000028,0.006200000000000002,0,0,0.004818830269449598,0,0.03712788813391986,-0.09828522515794025,-0.03236838936289821,0.29707748078615714,276.3623394611008,22.637660538899183,22.637660538899183,-0.0065,0.011318830269449597,0,13.0
2013-04-29,94.5,82.147,13.71,290,4.38,290,299.0,-2.569999999999993,-0.5859999999999843,0.13000000000000078,-9.0,-0.25,0.0,-0.026475739157309053,-0.026475739157309053,0.0,-0.007083026120169533,-0.007083026120169533,0.0,0.009572901325478611,0.009572901325478611,0.002888888888888889,0.0045,0.007388888888888889,0.003,0.01,0.013000000000000001,0,0,0.0003764274992204804,0,0.03712788813391986,-0.09828522515794025,-0.03236838936289821,0.29707748078615714,298.24714500155903,-8.247145001559034,8.247145001559034,0.0045,0.004123572500779519,1,9.0
2013-05-28,95.01,84.1,14.48,281,4.21,281,290.0,0.5100000000000051,1.9529999999999887,0.7699999999999996,-9.0,-0.16999999999999993,0.0,0.005396825396825511,0.005396825396825511,0.0,0.02377445311453852,0.02377445311453852,0.0,0.05616338439095547,0.05616338439095547,0.002888888888888889,0.0045,0.007388888888888889,0.003,0.006799999999999997,0.009799999999999996,0,0,-0.003931752618846793,0,0.03712788813391986,-0.09828522515794025,-0.03236838936289821,0.29707748078615714,297.8635052376936,-16.863505237693573,16.863505237693573,0.0045,0.008431752618846794,0,9.0
2013-06-25,95.29,82.581,18.47,366,5.1,366,281.0,0.28000000000000114,-1.5189999999999912,3.9899999999999984,85.0,0.8899999999999997,0.0,0.0029470582043995552,0.0029470582043995552,0.0,-0.018061831153388774,-0.018061831153388774,0.0,0.2755524861878451,0.2755524861878451,0.002888888888888889,-0.0425,-0.03961111111111111,0.003,-0.035599999999999986,-0.03259999999999998,0,0,-0.019608175736347797,0,0.03712788813391986,-0.09828522515794025,-0.03236838936289821,0.29707748078615714,320.2163514726956,45.78364852730442,45.78364852730442,-0.0425,0.022891824263652206,1,85.0
2013-07-24,105.32,82.291,13.18,321,4.32,321,366.0,10.029999999999987,-0.29000000000000625,-5.289999999999999,-45.0,-0.7799999999999994,0.0,0.10525763458914872,0.10525763458914872,0.0,-0.0035117036606484575,-0.0035117036606484575,0.0,-0.28641039523551703,-0.28641039523551703,0.002888888888888889,0.0225,0.025388888888888888,0.003,0.031199999999999978,0.03419999999999998,0,0,0.020794946411804186,0,0.03712788813391986,-0.09828522515794025,-0.03236838936289821,0.29707748078615714,324.41010717639165,-3.410107176391648,3.410107176391648,0.0225,0.001705053588195813,1,45.0
2013-08-21,103.81,81.21300000000001,15.94,345,4.53,345,321.0,-1.509999999999991,-1.0779999999999887,2.76,24.0,0.20999999999999996,0.0,-0.014337257880744358,-0.014337257880744358,0.0,-0.013099852960833935,-0.013099852960833935,0.0,0.2094081942336874,0.2094081942336874,0.002888888888888889,-0.012,-0.009111111111111111,0.003,-0.008399999999999998,-0.005399999999999998,0,0,-0.01051610336082351,0,0.03712788813391986,-0.09828522515794025,-0.03236838936289821,0.29707748078615714,342.032206721647,2.9677932783529855,2.9677932783529855,-0.012,0.0014838966391764897,1,24.0
2013-09-19,106.39,80.372,13.16,326,4.32,326,345.0,2.5799999999999983,-0.8410000000000082,-2.7799999999999994,-19.0,-0.20999999999999996,0.0,0.024853097004142066,0.024853097004142066,0.0,-0.010355484959304606,-0.010355484959304606,0.0,-0.17440401505646175,-0.17440401505646175,0.002888888888888889,0.0095,0.012388888888888889,0.003,0.008399999999999998,0.011399999999999997,0,0,0.00808350563406978,0,0.03712788813391986,-0.09828522515794025,-0.03236838936289821,0.29707748078615714,328.83298873186044,-2.832988731860439,2.832988731860439,0.0095,0.0014164943659302192,1,19.0
2013-10-17,100.67,79.649,13.48,328,4.36,328,326.0,-5.719999999999999,-0.722999999999999,0.3200000000000003,2.0,0.040000000000000036,0.0,-0.05376445154619791,-0.05376445154619791,0.0,-0.008995670133877476,-0.008995670133877476,0.0,0.024316109422492405,0.024316109422492405,0.002888888888888889,-0.001,0.0018888888888888892,0.003,-0.0016000000000000014,0.0013999999999999987,0,0,-0.004372072791400426,0,0.03712788813391986,-0.09828522515794025,-0.03236838936289821,0.29707748078615714,334.74414558280085,-6.744145582800854,6.744145582800854,-0.001,0.0033720727914004264,1,2.0
2013-11-14,93.76,81.023,12.37,334,4.22,334,328.0,-6.909999999999997,1.3739999999999952,-1.1100000000000012,6.0,-0.14000000000000057,0.0,-0.06864011125459424,-0.06864011125459424,0.0,0.01725068739092772,0.01725068739092772,0.0,-0.08234421364985167,-0.08234421364985167,0.002888888888888889,-0.003,-0.00011111111111111087,0.003,0.0056000000000000225,0.008600000000000023,0,0,-0.0019126230514348148,0,0.03712788813391986,-0.09828522515794025,-0.03236838936289821,0.29707748078615714,331.82524610286964,2.1747538971303584,2.1747538971303584,-0.003,0.0010873769485651853,1,6.0
2013-12-13,96.6,80.214,15.76,319,3.96,319,334.0,2.839999999999989,-0.8089999999999975,3.3900000000000006,-15.0,-0.2599999999999998,0.0,0.030290102389078477,0.030290102389078477,0.0,-0.009984819125433475,-0.009984819125433475,0.0,0.2740501212611157,0.2740501212611157,0.002888888888888889,0.0075,0.010388888888888888,0.003,0.01039999999999999,0.013399999999999992,0,0,-0.005672643947312428,0,0.03712788813391986,-0.09828522515794025,-0.03236838936289821,0.29707748078615714,345.34528789462485,-26.345287894624846,26.345287894624846,0.0075,0.013172643947312428,0,15.0
2014-01-14,92.59,80.66199999999999,12.28,311,3.78,311,319.0,-4.009999999999991,0.4479999999999933,-3.4800000000000004,-8.0,-0.18000000000000016,0.0,-0.04151138716356095,-0.04151138716356095,0.0,0.005585059964594574,0.005585059964594574,0.0,-0.2208121827411168,-0.2208121827411168,0.002888888888888889,0.004,0.006888888888888889,0.003,0.007200000000000006,0.010200000000000006,0,0,0.005198477107132513,0,0.03712788813391986,-0.09828522515794025,-0.03236838936289821,0.29707748078615714,308.603045785735,2.3969542142650084,2.3969542142650084,0.004,0.0011984771071325128,1,8.0
2014-02-12,100.37,80.679,14.3,325,3.86,325,311.0,7.780000000000001,0.017000000000010118,2.0200000000000014,14.0,0.08000000000000007,0.0,0.08402635273787662,0.08402635273787662,0.0,0.00021075599414843715,0.00021075599414843715,0.0,0.16449511400651473,0.16449511400651473,0.002888888888888889,-0.007,-0.0041111111111111105,0.003,-0.0032000000000000028,-0.0002000000000000027,0,0,-0.0051737394590884115,0,0.03712788813391986,-0.09828522515794025,-0.03236838936289821,0.29707748078615714,321.3474789181768,3.6525210818231812,3.6525210818231812,-0.007,0.0018262605409115886,1,14.0
2014-03-13,98.2,79.62,16.22,336,3.76,336,325.0,-2.1700000000000017,-1.0589999999999975,1.9199999999999982,11.0,-0.10000000000000009,0.0,-0.02162000597788183,-0.02162000597788183,0.0,-0.013126092291674385,-0.013126092291674385,0.0,0.13426573426573407,0.13426573426573407,0.002888888888888889,-0.0055,-0.0026111111111111105,0.003,0.0040000000000000036,0.007000000000000004,0,0,-0.004667916315264847,0,0.03712788813391986,-0.09828522515794025,-0.03236838936289821,0.29707748078615714,334.3358326305297,1.6641673694703059,1.6641673694703059,-0.0055,0.0008320836847351531,1,11.0
2014-04-10,103.4,79.383,15.89,309,3.5,309,336.0,5.200000000000003,-0.23700000000000898,-0.3299999999999983,-27.0,-0.2599999999999998,0.0,0.05295315682281054,0.05295315682281054,0.0,-0.002976639035418338,-0.002976639035418338,0.0,-0.020345252774352507,-0.020345252774352507,0.002888888888888889,0.0135,0.01638888888888889,0.003,0.01039999999999999,0.013399999999999992,0,0,0.004009090937797671,0,0.03712788813391986,-0.09828522515794025,-0.03236838936289821,0.29707748078615714,327.98181812440464,-18.98181812440464,18.98181812440464,0.0135,0.009490909062202329,1,27.0
2014-05-09,99.99,79.903,12.92,302,3.47,302,309.0,-3.410000000000011,0.5200000000000102,-2.9700000000000006,-7.0,-0.029999999999999805,0.0,-0.03297872340425545,-0.03297872340425545,0.0,0.006550520892382616,0.006550520892382616,0.0,-0.18691000629326626,-0.18691000629326626,0.002888888888888889,0.0035,0.006388888888888889,0.003,0.001199999999999992,0.004199999999999992,0,0,0.0025405626157728686,0,0.03712788813391986,-0.09828522515794025,-0.03236838936289821,0.29707748078615714,303.91887476845426,-1.918874768454259,1.918874768454259,0.0035,0.0009594373842271315,1,7.0
2014-06-09,104.41,80.653,11.15,266,3.35,266,302.0,4.420000000000002,0.75,-1.7699999999999996,-36.0,-0.1200000000000001,0.0,0.0442044204420442,0.0442044204420442,0.0,0.009386380986946774,0.009386380986946774,0.0,-0.13699690402476772,-0.13699690402476772,0.002888888888888889,0.018,0.020888888888888887,0.003,0.004800000000000004,0.007800000000000004,0,0,0.004581358800705119,0,0.03712788813391986,-0.09828522515794025,-0.03236838936289821,0.29707748078615714,292.83728239858976,-26.837282398589764,26.837282398589764,0.018,0.01341864119929488,1,36.0
2014-07-08,103.4,80.179,11.98,269,3.33,269,266.0,-1.009999999999991,-0.47400000000000375,0.8300000000000001,3.0,-0.020000000000000018,0.0,-0.009673402930753694,-0.009673402930753694,0.0,-0.005877028752805269,-0.005877028752805269,0.0,0.07443946188340811,0.07443946188340811,0.002888888888888889,-0.0015,0.0013888888888888892,0.003,0.0008000000000000007,0.003800000000000001,0,0,-0.003951007875766467,0,0.03712788813391986,-0.09828522515794025,-0.03236838936289821,0.29707748078615714,273.90201575153293,-4.902015751532929,4.902015751532929,-0.0015,0.0024510078757664666,1,3.0
2014-08-05,97.38,81.328,16.87,298,4.01,298,269.0,-6.02000000000001,1.149000000000001,4.890000000000001,29.0,0.6799999999999997,0.0,-0.058220502901354054,-0.058220502901354054,0.0,0.01433043565023251,0.01433043565023251,0.0,0.40818030050083465,0.40818030050083465,0.002888888888888889,-0.0145,-0.011611111111111112,0.003,-0.027199999999999988,-0.02419999999999999,0,0,-0.026860377234106204,0,0.03712788813391986,-0.09828522515794025,-0.03236838936289821,0.29707748078615714,322.7207544682124,-24.72075446821242,24.72075446821242,-0.0145,0.012360377234106204,1,29.0
2014-09-03,95.54,82.865,12.36,291,3.65,291,298.0,-1.8399999999999892,1.536999999999992,-4.510000000000002,-7.0,-0.3599999999999999,0.0,-0.01889505031834038,-0.01889505031834038,0.0,0.01889878024788505,0.01889878024788505,0.0,-0.2673384706579728,-0.2673384706579728,0.002888888888888889,0.0035,0.006388888888888889,0.003,0.014399999999999994,0.017399999999999995,0,0,0.0083745708003513,0,0.03712788813391986,-0.09828522515794025,-0.03236838936289821,0.29707748078615714,281.2508583992974,9.749141600702615,9.749141600702615,0.0035,0.004874570800351301,1,7.0
2014-10-01,90.73,85.97200000000001,16.71,318,4.28,318,291.0,-4.810000000000002,3.1070000000000135,4.350000000000001,27.0,0.6300000000000003,0.0,-0.050345405065940985,-0.050345405065940985,0.0,0.03749472032824497,0.03749472032824497,0.0,0.3519417475728157,0.3519417475728157,0.002888888888888889,-0.0135,-0.010611111111111111,0.003,-0.025200000000000014,-0.022200000000000015,0,0,-0.02643019207787801,0,0.03712788813391986,-0.09828522515794025,-0.03236838936289821,0.29707748078615714,343.86038415575604,-25.860384155756037,25.860384155756037,-0.0135,0.012930192077878011,1,27.0
2014-10-29,82.2,85.95200000000001,15.15,316,4.17,316,318.0,-8.530000000000001,-0.01999999999999602,-1.5600000000000005,-2.0,-0.11000000000000032,0.0,-0.09401520996362833,-0.09401520996362833,0.0,-0.00023263388079830527,-0.00023263388079830527,0.0,-0.09335727109515268,-0.09335727109515268,0.002888888888888889,0.001,0.003888888888888889,0.003,0.004400000000000012,0.0074000000000000125,0,0,-0.0011364127554687321,0,0.03712788813391986,-0.09828522515794025,-0.03236838936289821,0.29707748078615714,320.2728255109375,-4.27282551093748,4.27282551093748,0.001,0.002136412755468732,0,2.0
2014-11-26,73.69,87.60700000000001,12.07,331,4.42,331,316.0,-8.510000000000005,1.6550000000000011,-3.08,15.0,0.25,0.0,-0.1035279805352799,-0.1035279805352799,0.0,0.01925493298585268,0.01925493298585268,0.0,-0.2033003300330033,-0.2033003300330033,0.002888888888888889,-0.0075,-0.004611111111111111,0.003,-0.01,-0.007,0,0,-0.004124177718238116,0,0.03712788813391986,-0.09828522515794025,-0.03236838936289821,0.29707748078615714,324.24835543647623,6.751644563523769,6.751644563523769,-0.0075,0.0033758222817618835,1,15.0
2014-12-26,54.73,90.03,14.5,382,4.75,382,331.0,-18.96,2.4229999999999876,2.4299999999999997,51.0,0.33000000000000007,0.0,-0.25729406975166236,-0.25729406975166236,0.0,0.02765760726882549,0.02765760726882549,0.0,0.20132560066280036,0.20132560066280036,0.002888888888888889,-0.0255,-0.02261111111111111,0.003,-0.013200000000000003,-0.010200000000000004,0,0,-0.024706784220887665,0,0.03712788813391986,-0.09828522515794025,-0.03236838936289821,0.29707748078615714,380.41356844177534,1.5864315582246604,1.5864315582246604,-0.0255,0.0007932157791123336,1,51.0
2015-01-27,46.23,94.022,17.22,416,5.02,416,382.0,-8.5,3.9920000000000044,2.719999999999999,34.0,0.2699999999999996,0.0,-0.15530787502283938,-0.15530787502283938,0.0,0.044340775297123214,0.044340775297123214,0.0,0.1875862068965517,0.1875862068965517,0.002888888888888889,-0.017,-0.014111111111111112,0.003,-0.010799999999999983,-0.007799999999999983,0,0,-0.02140225311687785,0,0.03712788813391986,-0.09828522515794025,-0.03236838936289821,0.29707748078615714,424.8045062337557,-8.804506233755717,8.804506233755717,-0.017,0.0044022531168778495,1,34.0
2015-02-25,50.39,94.213,13.84,385,4.43,385,416.0,4.160000000000004,0.1909999999999883,-3.379999999999999,-31.0,-0.5899999999999999,0.0,0.08998485831711012,0.08998485831711012,0.0,0.0020314394503413435,0.0020314394503413435,0.0,-0.19628339140534257,-0.19628339140534257,0.002888888888888889,0.0155,0.01838888888888889,0.003,0.023599999999999996,0.026599999999999995,0,0,0.014508036608073937,0,0.03712788813391986,-0.09828522515794025,-0.03236838936289821,0.29707748078615714,386.9839267838521,-1.9839267838520982,1.9839267838520982,0.0155,0.000991963391926063,1,31.0
2015-03-25,48.66,96.979,15.44,380,4.65,380,385.0,-1.730000000000004,2.7660000000000053,1.5999999999999996,-5.0,0.22000000000000064,0.0,-0.03433220877158172,-0.03433220877158172,0.0,0.029359005657393356,0.029359005657393356,0.0,0.11560693641618491,0.11560693641618491,0.002888888888888889,0.0025,0.005388888888888889,0.003,-0.008800000000000025,-0.005800000000000025,0,0,-0.012514187496531312,0,0.03712788813391986,-0.09828522515794025,-0.03236838936289821,0.29707748078615714,410.02837499306264,-30.02837499306264,30.02837499306264,0.0025,0.015014187496531313,0,5.0
2015-04-23,56.59,97.27799999999999,12.48,350,4.43,350,380.0,7.930000000000007,0.2989999999999924,-2.959999999999999,-30.0,-0.22000000000000064,0.0,0.16296752979860263,0.16296752979860263,0.0,0.003083141711091919,0.003083141711091919,0.0,-0.1917098445595854,-0.1917098445595854,0.002888888888888889,0.015,0.017888888888888888,0.003,0.008800000000000025,0.011800000000000026,0,0,0.012569577216348389,0,0.03712788813391986,-0.09828522515794025,-0.03236838936289821,0.29707748078615714,354.8608455673032,-4.860845567303215,4.860845567303215,0.015,0.0024304227836516104,1,30.0
2015-05-21,59.97,95.255,12.11,326,4.33,326,350.0,3.3799999999999955,-2.022999999999996,-0.370000000000001,-24.0,-0.09999999999999964,0.0,0.05972786711433109,0.05972786711433109,0.0,-0.020796068998129025,-0.020796068998129025,0.0,-0.029647435897436014,-0.029647435897436014,0.002888888888888889,0.012,0.014888888888888889,0.003,0.003999999999999986,0.006999999999999986,0,0,0.004411809117933667,0,0.03712788813391986,-0.09828522515794025,-0.03236838936289821,0.29707748078615714,341.17638176413266,-15.176381764132657,15.176381764132657,0.012,0.007588190882066333,1,24.0
2015-06-19,59.61,94.085,13.96,346,4.57,346,326.0,-0.35999999999999943,-1.1700000000000017,1.8500000000000014,20.0,0.2400000000000002,0.0,-0.006003001500750393,-0.006003001500750393,0.0,-0.012282819799485645,-0.012282819799485645,0.0,0.15276630883567321,0.15276630883567321,0.002888888888888889,-0.01,-0.0071111111111111115,0.003,-0.009600000000000008,-0.006600000000000008,0,0,-0.008810058686624116,0,0.03712788813391986,-0.09828522515794025,-0.03236838936289821,0.29707748078615714,343.6201173732482,2.379882626751794,2.379882626751794,-0.01,0.0011899413133758842,1,20.0
2015-07-20,50.15,98.029,12.25,337,4.74,337,346.0,-9.46,3.9440000000000026,-1.7100000000000009,-9.0,0.16999999999999993,0.0,-0.1586982049991612,-0.1586982049991612,0.0,0.04191954084072913,0.04191954084072913,0.0,-0.1224928366762178,-0.1224928366762178,0.002888888888888889,0.0045,0.007388888888888889,0.003,-0.006799999999999997,-0.003799999999999997,0,0,-0.010065088196485843,0,0.03712788813391986,-0.09828522515794025,-0.03236838936289821,0.29707748078615714,366.1301763929717,-29.13017639297169,29.13017639297169,0.0045,0.014565088196485842,0,9.0
2015-08-17,41.87,96.806,13.02,372,5.3,372,337.0,-8.280000000000001,-1.222999999999999,0.7699999999999996,35.0,0.5599999999999996,0.0,-0.16510468594217353,-0.16510468594217353,0.0,-0.012475899988778849,-0.012475899988778849,0.0,0.06285714285714272,0.06285714285714272,0.002888888888888889,-0.0175,-0.014611111111111113,0.003,-0.022399999999999982,-0.019399999999999983,0,0,-0.01559056816098156,0,0.03712788813391986,-0.09828522515794025,-0.03236838936289821,0.29707748078615714,368.1811363219631,3.818863678036905,3.818863678036905,-0.0175,0.0019094318390184412,1,35.0
2015-09-15,44.59,95.611,22.54,390,5.31,390,372.0,2.720000000000006,-1.1949999999999932,9.52,18.0,0.009999999999999787,0.0,0.06496298065440653,0.06496298065440653,0.0,-0.012344276181228353,-0.012344276181228353,0.0,0.7311827956989247,0.7311827956989247,0.002888888888888889,-0.009,-0.0061111111111111106,0.003,-0.00039999999999999145,0.0026000000000000086,0,0,-0.022158498623013494,0,0.03712788813391986,-0.09828522515794025,-0.03236838936289821,0.29707748078615714,416.316997246027,-26.316997246026972,26.316997246026972,-0.009,0.013158498623013494,1,18.0
2015-10-13,46.66,94.759,17.67,403,5.97,403,390.0,2.069999999999993,-0.8520000000000039,-4.869999999999997,13.0,0.6600000000000001,0.0,0.046422964790311605,0.046422964790311605,0.0,-0.008911108554455094,-0.008911108554455094,0.0,-0.2160603371783495,-0.2160603371783495,0.002888888888888889,-0.0065,-0.0036111111111111105,0.003,-0.026400000000000007,-0.023400000000000008,0,0,-0.0002475598653560256,0,0.03712788813391986,-0.09828522515794025,-0.03236838936289821,0.29707748078615714,390.4951197307121,12.504880269287924,12.504880269287924,-0.0065,0.0062524401346439745,1,13.0
2015-11-10,44.21,99.29299999999999,15.29,375,5.7,375,403.0,-2.4499999999999957,4.533999999999992,-2.3800000000000026,-28.0,-0.2699999999999996,0.0,-0.05250750107158153,-0.05250750107158153,0.0,0.04784769784400411,0.04784769784400411,0.0,-0.13469156762874945,-0.13469156762874945,0.002888888888888889,0.014,0.01688888888888889,0.003,0.010799999999999983,0.013799999999999982,0,0,-0.0010816849309978195,0,0.03712788813391986,-0.09828522515794025,-0.03236838936289821,0.29707748078615714,405.16336986199565,-30.163369861995648,30.163369861995648,0.014,0.01508168493099782,0,28.0
2015-12-09,37.16,97.345,19.61,395,6.34,395,375.0,-7.050000000000004,-1.9479999999999933,4.32,20.0,0.6399999999999997,0.0,-0.15946618412123958,-0.15946618412123958,0.0,-0.019618704238969498,-0.019618704238969498,0.0,0.2825376062786136,0.2825376062786136,0.002888888888888889,-0.01,-0.0071111111111111115,0.003,-0.025599999999999987,-0.022599999999999988,0,0,-0.022740541086105733,0,0.03712788813391986,-0.09828522515794025,-0.03236838936289821,0.29707748078615714,420.4810821722115,-25.481082172211472,25.481082172211472,-0.01,0.012740541086105733,1,20.0
2016-01-08,33.16,98.54,27.01,419,6.91,419,395.0,-4.0,1.1950000000000074,7.400000000000002,24.0,0.5700000000000003,0.0,-0.10764262648008616,-0.10764262648008616,0.0,0.012275925830808054,0.012275925830808054,0.0,0.3773584905660379,0.3773584905660379,0.002888888888888889,-0.012,-0.009111111111111111,0.003,-0.02280000000000001,-0.019800000000000012,0,0,-0.026188595089188967,0,0.03712788813391986,-0.09828522515794025,-0.03236838936289821,0.29707748078615714,447.37719017837793,-28.37719017837793,28.37719017837793,-0.012,0.014188595089188967,1,24.0
2016-02-08,29.69,96.57,26.0,461,8.07,461,419.0,-3.4699999999999953,-1.970000000000013,-1.0100000000000016,42.0,1.1600000000000001,0.0,-0.10464414957780444,-0.10464414957780444,0.0,-0.019991881469454187,-0.019991881469454187,0.0,-0.03739355794150323,-0.03739355794150323,0.002888888888888889,-0.021,-0.018111111111111113,0.003,-0.046400000000000004,-0.0434,0,0,-0.016491992019731182,0,0.03712788813391986,-0.09828522515794025,-0.03236838936289821,0.29707748078615714,451.98398403946237,9.01601596053763,9.01601596053763,-0.021,0.004508007980268819,1,42.0
2016-03-08,36.5,97.209,18.67,416,6.73,416,461.0,6.809999999999999,0.63900000000001,-7.329999999999998,-45.0,-1.3399999999999999,0.0,0.22937015830245877,0.22937015830245877,0.0,0.006616961789375653,0.006616961789375653,0.0,-0.28192307692307683,-0.28192307692307683,0.002888888888888889,0.0225,0.025388888888888888,0.003,0.0536,0.056600000000000004,0,0,0.030916772447222966,0,0.03712788813391986,-0.09828522515794025,-0.03236838936289821,0.29707748078615714,399.16645510555406,16.833544894445936,16.833544894445936,0.0225,0.008416772447222966,1,45.0
2016-04-06,37.75,94.43,14.09,397,6.53,397,416.0,1.25,-2.7789999999999964,-4.580000000000002,-19.0,-0.20000000000000018,0.0,0.03424657534246567,0.03424657534246567,0.0,-0.02858788795276157,-0.02858788795276157,0.0,-0.24531333690412438,-0.24531333690412438,0.002888888888888889,0.0095,0.012388888888888889,0.003,0.008000000000000007,0.011000000000000006,0,0,0.012400631027095429,0,0.03712788813391986,-0.09828522515794025,-0.03236838936289821,0.29707748078615714,391.19873794580917,5.801262054190829,5.801262054190829,0.0095,0.002900631027095429,1,19.0
2016-05-04,43.78,93.179,16.05,369,5.98,369,397.0,6.030000000000001,-1.2510000000000048,1.9600000000000009,-28.0,-0.5499999999999998,0.0,0.15973509933774843,0.15973509933774843,0.0,-0.013247908503653538,-0.013247908503653538,0.0,0.13910574875798454,0.13910574875798454,0.002888888888888889,0.014,0.01688888888888889,0.003,0.021999999999999995,0.024999999999999994,0,0,0.00726811966177498,0,0.03712788813391986,-0.09828522515794025,-0.03236838936289821,0.29707748078615714,382.46376067645,-13.463760676450022,13.463760676450022,0.014,0.00673188033822502,1,28.0
2016-06-02,49.17,95.564,13.63,362,5.69,362,369.0,5.390000000000001,2.384999999999991,-2.42,-7.0,-0.29000000000000004,0.0,0.12311557788944727,0.12311557788944727,0.0,0.025595896071002988,0.025595896071002988,0.0,-0.15077881619937694,-0.15077881619937694,0.002888888888888889,0.0035,0.006388888888888889,0.003,0.011600000000000001,0.014600000000000002,0,0,0.00838423275597183,0,0.03712788813391986,-0.09828522515794025,-0.03236838936289821,0.29707748078615714,352.23153448805635,9.768465511943646,9.768465511943646,0.0035,0.004884232755971831,1,7.0
2016-06-30,48.33,96.14299999999999,15.63,359,5.94,359,362.0,-0.8400000000000034,0.5789999999999935,2.0,-3.0,0.25,0.0,-0.017083587553386237,-0.017083587553386237,0.0,0.006058766899669221,0.006058766899669221,0.0,0.1467351430667645,0.1467351430667645,0.002888888888888889,0.0015,0.004388888888888889,0.003,-0.01,-0.007,0,0,-0.01094777629491921,0,0.03712788813391986,-0.09828522515794025,-0.03236838936289821,0.29707748078615714,383.8955525898384,-24.895552589838417,24.895552589838417,0.0015,0.01244777629491921,0,3.0
2016-07-29,41.6,95.53,11.87,339,5.4,339,359.0,-6.729999999999997,-0.6129999999999853,-3.7600000000000016,-20.0,-0.54,0.0,-0.1392509828264018,-0.1392509828264018,0.0,-0.006375919203686076,-0.006375919203686076,0.0,-0.24056301983365336,-0.24056301983365336,0.002888888888888889,0.01,0.012888888888888889,0.003,0.0216,0.0246,0,0,0.007662418372346953,0,0.03712788813391986,-0.09828522515794025,-0.03236838936289821,0.29707748078615714,343.6751632553061,-4.6751632553060745,4.6751632553060745,0.01,0.0023375816276530476,1,20.0
2016-08-26,47.64,95.566,13.65,305,4.86,305,339.0,6.039999999999999,0.036000000000001364,1.7800000000000011,-34.0,-0.54,0.0,0.14519230769230762,0.14519230769230762,0.0,0.0003768449701664345,0.0003768449701664345,0.0,0.1499578770008425,0.1499578770008425,0.002888888888888889,0.017,0.01988888888888889,0.003,0.0216,0.0246,0,0,0.004918967652816932,0,0.03712788813391986,-0.09828522515794025,-0.03236838936289821,0.29707748078615714,329.1620646943661,-24.16206469436611,24.16206469436611,0.017,0.012081032347183069,1,34.0
2016-09-26,45.93,95.29700000000001,14.5,313,4.92,313,305.0,-1.7100000000000009,-0.26899999999999125,0.8499999999999996,8.0,0.05999999999999961,0.0,-0.03589420654911846,-0.03589420654911846,0.0,-0.0028148086139421213,-0.0028148086139421213,0.0,0.06227106227106227,0.06227106227106227,0.002888888888888889,-0.004,-0.001111111111111111,0.003,-0.002399999999999984,0.0006000000000000159,0,0,-0.005782278377061887,0,0.03712788813391986,-0.09828522515794025,-0.03236838936289821,0.29707748078615714,316.56455675412377,-3.564556754123771,3.564556754123771,-0.004,0.001782278377061887,1,8.0
2016-10-24,50.12,98.756,13.02,302,4.54,302,313.0,4.189999999999998,3.458999999999989,-1.4800000000000004,-11.0,-0.3799999999999999,0.0,0.09122577835837142,0.09122577835837142,0.0,0.03629705027440511,0.03629705027440511,0.0,-0.10206896551724143,-0.10206896551724143,0.002888888888888889,0.0055,0.008388888888888888,0.003,0.015199999999999995,0.018199999999999994,0,0,0.00564128601417987,0,0.03712788813391986,-0.09828522515794025,-0.03236838936289821,0.29707748078615714,301.7174279716403,0.2825720283597093,0.2825720283597093,0.0055,0.00014128601417986997,1,11.0
2016-11-21,47.49,101.05,12.42,317,4.69,317,302.0,-2.6299999999999955,2.293999999999997,-0.5999999999999996,15.0,0.15000000000000036,0.0,-0.052474062250598474,-0.052474062250598474,0.0,0.02322896836647903,0.02322896836647903,0.0,-0.04608294930875578,-0.04608294930875578,0.002888888888888889,-0.0075,-0.004611111111111111,0.003,-0.006000000000000014,-0.003000000000000014,0,0,-0.006519805984289487,0,0.03712788813391986,-0.09828522515794025,-0.03236838936289821,0.29707748078615714,315.039611968579,1.9603880314210187,1.9603880314210187,-0.0075,0.000980194015710513,1,15.0
2016-12-20,52.23,103.29,11.45,296,4.04,296,317.0,4.739999999999995,2.240000000000009,-0.9700000000000006,-21.0,-0.6500000000000004,0.0,0.09981048641819323,0.09981048641819323,0.0,0.02216724393864422,0.02216724393864422,0.0,-0.0780998389694042,-0.0780998389694042,0.002888888888888889,0.0105,0.01338888888888889,0.003,0.026000000000000013,0.029000000000000012,0,0,0.009781364063537171,0,0.03712788813391986,-0.09828522515794025,-0.03236838936289821,0.29707748078615714,297.43727187292563,-1.4372718729256349,1.4372718729256349,0.0105,0.0007186359364628296,1,21.0
2017-01-20,52.42,100.74,11.54,285,3.87,285,296.0,0.19000000000000483,-2.5500000000000114,0.08999999999999986,-11.0,-0.16999999999999993,0.0,0.0036377560788820595,0.0036377560788820595,0.0,-0.024687772291606236,-0.024687772291606236,0.0,0.007860262008733576,0.007860262008733576,0.002888888888888889,0.0055,0.008388888888888888,0.003,0.006799999999999997,0.009799999999999996,0,0,0.0023295518607060624,0,0.03712788813391986,-0.09828522515794025,-0.03236838936289821,0.29707748078615714,291.3408962785879,-6.340896278587877,6.340896278587877,0.0055,0.0031704481392939373,1,11.0
2017-02-17,53.4,100.95,11.49,272,3.77,272,285.0,0.9799999999999969,0.21000000000000796,-0.049999999999998934,-13.0,-0.10000000000000009,0.0,0.018695154521175095,0.018695154521175095,0.0,0.002084574151280494,0.002084574151280494,0.0,-0.004332755632582286,-0.004332755632582286,0.002888888888888889,0.0065,0.00938888888888889,0.003,0.0040000000000000036,0.007000000000000004,0,0,-0.00017987343616456463,0,0.03712788813391986,-0.09828522515794025,-0.03236838936289821,0.29707748078615714,285.35974687232914,-13.35974687232914,13.35974687232914,0.0065,0.006679873436164564,0,13.0
2017-03-20,48.22,100.41,11.34,268,3.87,268,272.0,-5.18,-0.5400000000000063,-0.15000000000000036,-4.0,0.10000000000000009,0.0,-0.0970037453183521,-0.0970037453183521,0.0,-0.00534918276374452,-0.00534918276374452,0.0,-0.013054830287206332,-0.013054830287206332,0.002888888888888889,0.002,0.004888888888888889,0.003,-0.0040000000000000036,-0.0010000000000000035,0,0,-0.005839201112277622,0,0.03712788813391986,-0.09828522515794025,-0.03236838936289821,0.29707748078615714,283.67840222455527,-15.67840222455527,15.67840222455527,0.002,0.007839201112277622,0,4.0
2017-04-18,52.41,99.499,14.42,279,4.0,279,268.0,4.189999999999998,-0.9110000000000014,3.08,11.0,0.1299999999999999,0.0,0.08689340522604727,0.08689340522604727,0.0,-0.009072801513793416,-0.009072801513793416,0.0,0.27160493827160503,0.27160493827160503,0.002888888888888889,-0.0055,-0.0026111111111111105,0.003,-0.005199999999999995,-0.0021999999999999954,0,0,-0.00821598277307514,0,0.03712788813391986,-0.09828522515794025,-0.03236838936289821,0.29707748078615714,284.4319655461503,-5.431965546150309,5.431965546150309,-0.0055,0.002715982773075141,1,11.0
2017-05-16,48.66,98.105,10.65,260,3.63,260,279.0,-3.75,-1.3939999999999912,-3.7699999999999996,-19.0,-0.3700000000000001,0.0,-0.07155123068116775,-0.07155123068116775,0.0,-0.014010191057196475,-0.014010191057196475,0.0,-0.26144244105409153,-0.26144244105409153,0.002888888888888889,0.0095,0.012388888888888889,0.003,0.014800000000000006,0.017800000000000007,0,0,0.009582009691117735,0,0.03712788813391986,-0.09828522515794025,-0.03236838936289821,0.29707748078615714,259.8359806177645,0.1640193822354945,0.1640193822354945,0.0095,8.200969111773516e-05,1,19.0
2017-06-14,44.73,96.939,10.64,271,3.61,271,260.0,-3.9299999999999997,-1.166000000000011,-0.009999999999999787,11.0,-0.020000000000000018,0.0,-0.08076448828606664,-0.08076448828606664,0.0,-0.011885225014015677,-0.011885225014015677,0.0,-0.0009389671361501595,-0.0009389671361501595,0.002888888888888889,-0.0055,-0.0026111111111111105,0.003,0.0008000000000000007,0.003800000000000001,0,0,-0.003560074477762667,0,0.03712788813391986,-0.09828522515794025,-0.03236838936289821,0.29707748078615714,267.12014895552534,3.8798510444746626,3.8798510444746626,-0.0055,0.0019399255222373327,1,11.0
2017-07-13,46.08,95.728,9.9,272,3.67,272,271.0,1.3500000000000014,-1.2109999999999985,-0.7400000000000002,1.0,0.06000000000000005,0.0,0.030181086519114775,0.030181086519114775,0.0,-0.012492392122881335,-0.012492392122881335,0.0,-0.06954887218045114,-0.06954887218045114,0.002888888888888889,-0.0005,0.002388888888888889,0.003,-0.002400000000000002,0.0005999999999999981,0,0,0.001888920150670608,0,0.03712788813391986,-0.09828522515794025,-0.03236838936289821,0.29707748078615714,267.2221596986588,4.7778403013412,4.7778403013412,-0.0005,0.002388920150670608,0,1.0
2017-08-10,48.59,93.40100000000001,16.04,272,3.8,272,272.0,2.510000000000005,-2.326999999999984,6.139999999999999,0.0,0.1299999999999999,0.0,0.05447048611111116,0.05447048611111116,0.0,-0.024308457295670882,-0.024308457295670882,0.0,0.62020202020202,0.62020202020202,0.002888888888888889,-0.0,0.002888888888888889,0.003,-0.005199999999999995,-0.0021999999999999954,0,0,-0.019205863506692716,0,0.03712788813391986,-0.09828522515794025,-0.03236838936289821,0.29707748078615714,310.4117270133854,-38.411727013385416,38.411727013385416,0.0,0.019205863506692716,0,0.0
2017-09-08,47.48,91.352,12.12,262,3.81,262,272.0,-1.1100000000000065,-2.0490000000000066,-3.92,-10.0,0.010000000000000231,0.0,-0.02284420662687814,-0.02284420662687814,0.0,-0.021937666620271745,-0.021937666620271745,0.0,-0.24438902743142144,-0.24438902743142144,0.002888888888888889,0.005,0.00788888888888889,0.003,-0.00040000000000000923,0.0025999999999999908,0,0,0.007101983112137734,0,0.03712788813391986,-0.09828522515794025,-0.03236838936289821,0.29707748078615714,257.79603377572454,4.203966224275462,4.203966224275462,0.005,0.002101983112137734,1,10.0
2017-10-06,49.29,93.8,9.65,241,3.41,241,262.0,1.8100000000000023,2.4479999999999933,-2.469999999999999,-21.0,-0.3999999999999999,0.0,0.03812131423757381,0.03812131423757381,0.0,0.026797442858393916,0.026797442858393916,0.0,-0.20379537953795368,-0.20379537953795368,0.002888888888888889,0.0105,0.01338888888888889,0.003,0.015999999999999997,0.018999999999999996,0,0,0.008133682626828561,0,0.03712788813391986,-0.09828522515794025,-0.03236838936289821,0.29707748078615714,245.73263474634288,-4.732634746342882,4.732634746342882,0.0105,0.0023663173731714397,1,21.0
2017-11-03,55.64,94.941,9.14,244,3.39,244,241.0,6.350000000000001,1.1410000000000053,-0.5099999999999998,3.0,-0.020000000000000018,0.0,0.12882937715560971,0.12882937715560971,0.0,0.012164179104477757,0.012164179104477757,0.0,-0.0528497409326425,-0.0528497409326425,0.002888888888888889,-0.0015,0.0013888888888888892,0.003,0.0008000000000000007,0.003800000000000001,0,0,0.0035382701515855194,0,0.03712788813391986,-0.09828522515794025,-0.03236838936289821,0.29707748078615714,233.92345969682896,10.076540303171043,10.076540303171043,-0.0015,0.005038270151585519,0,3.0
2017-12-04,57.47,93.18799999999999,11.68,230,3.42,230,244.0,1.8299999999999983,-1.7530000000000143,2.539999999999999,-14.0,0.029999999999999805,0.0,0.032890007189072534,0.032890007189072534,0.0,-0.01846409875606969,-0.01846409875606969,0.0,0.27789934354485757,0.27789934354485757,0.002888888888888889,0.007,0.00988888888888889,0.003,-0.001199999999999992,0.001800000000000008,0,0,-0.008313418967809108,0,0.03712788813391986,-0.09828522515794025,-0.03236838936289821,0.29707748078615714,260.6268379356182,-30.626837935618198,30.626837935618198,0.007,0.01531341896780911,0,14.0
2018-01-03,61.63,92.162,9.15,212,3.34,212,230.0,4.160000000000004,-1.025999999999982,-2.5299999999999994,-18.0,-0.08000000000000007,0.0,0.07238559248303478,0.07238559248303478,0.0,-0.011010001287719229,-0.011010001287719229,0.0,-0.21660958904109584,-0.21660958904109584,0.002888888888888889,0.009,0.011888888888888888,0.003,0.0032000000000000028,0.006200000000000002,0,0,0.009733939645575167,0,0.03712788813391986,-0.09828522515794025,-0.03236838936289821,0.29707748078615714,210.53212070884967,1.4678792911503251,1.4678792911503251,0.009,0.0007339396455751674,1,18.0
2018-02-01,65.8,88.671,13.47,202,3.19,202,212.0,4.169999999999995,-3.4909999999999997,4.32,-10.0,-0.1499999999999999,0.0,0.06766185299367189,0.06766185299367189,0.0,-0.03787895227968141,-0.03787895227968141,0.0,0.4721311475409835,0.4721311475409835,0.002888888888888889,0.005,0.00788888888888889,0.003,0.005999999999999997,0.008999999999999998,0,0,-0.009262233313333828,0,0.03712788813391986,-0.09828522515794025,-0.03236838936289821,0.29707748078615714,230.52446662666765,-28.524466626667646,28.524466626667646,0.005,0.014262233313333827,0,10.0
2018-03-02,61.25,89.935,19.59,220,3.48,220,202.0,-4.549999999999997,1.2639999999999958,6.119999999999999,18.0,0.29000000000000004,0.0,-0.06914893617021267,-0.06914893617021267,0.0,0.014254942427625705,0.014254942427625705,0.0,0.4543429844097995,0.4543429844097995,0.002888888888888889,-0.009,-0.0061111111111111106,0.003,-0.011600000000000001,-0.0086,0,0,-0.02411851004014731,0,0.03712788813391986,-0.09828522515794025,-0.03236838936289821,0.29707748078615714,250.23702008029463,-30.237020080294627,30.237020080294627,-0.009,0.015118510040147309,1,18.0
2018-04-02,63.01,90.052,23.62,232,3.6,232,220.0,1.759999999999998,0.11700000000000443,4.030000000000001,12.0,0.1200000000000001,0.0,0.02873469387755101,0.02873469387755101,0.0,0.0013009395674654645,0.0013009395674654645,0.0,0.20571720265441562,0.20571720265441562,0.002888888888888889,-0.006,-0.003111111111111111,0.003,-0.004800000000000004,-0.0018000000000000039,0,0,-0.009143367506925406,0,0.03712788813391986,-0.09828522515794025,-0.03236838936289821,0.29707748078615714,238.2867350138508,-6.286735013850802,6.286735013850802,-0.006,0.0031433675069254055,1,12.0
2018-04-30,68.57,91.84100000000001,15.93,232,3.38,232,232.0,5.559999999999995,1.7890000000000015,-7.690000000000001,0.0,-0.2200000000000002,0.0,0.08823996191080763,0.08823996191080763,0.0,0.019866299471416493,0.019866299471416493,0.0,-0.325571549534293,-0.325571549534293,0.002888888888888889,-0.0,0.002888888888888889,0.003,0.00880000000000001,0.011800000000000008,0,0,0.012478451783358439,0,0.03712788813391986,-0.09828522515794025,-0.03236838936289821,0.29707748078615714,207.04309643328313,24.956903566716875,24.956903566716875,0.0,0.012478451783358439,0,0.0
2018-05-29,66.73,94.82,17.02,263,3.72,263,232.0,-1.8399999999999892,2.978999999999985,1.0899999999999999,31.0,0.3400000000000003,0.0,-0.026833892372757573,-0.026833892372757573,0.0,0.032436493505079156,0.032436493505079156,0.0,0.06842435655994983,0.06842435655994983,0.002888888888888889,-0.0155,-0.012611111111111111,0.003,-0.013600000000000011,-0.010600000000000012,0,0,-0.012437010221954552,0,0.03712788813391986,-0.09828522515794025,-0.03236838936289821,0.29707748078615714,256.8740204439091,6.125979556090897,6.125979556090897,-0.0155,0.003062989778045448,1,31.0
2018-06-26,70.53,94.676,15.92,280,3.48,280,263.0,3.799999999999997,-0.14399999999999125,-1.0999999999999996,17.0,-0.2400000000000002,0.0,0.056945901393675946,0.056945901393675946,0.0,-0.0015186669479011483,-0.0015186669479011483,0.0,-0.06462984723854293,-0.06462984723854293,0.002888888888888889,-0.0085,-0.005611111111111112,0.003,0.009600000000000008,0.012600000000000007,0,0,0.0052097950084425,0,0.03712788813391986,-0.09828522515794025,-0.03236838936289821,0.29707748078615714,252.580409983115,27.419590016884996,27.419590016884996,-0.0085,0.0137097950084425,0,17.0
2018-07-25,71.1,94.23299999999999,12.29,262,3.43,262,280.0,0.5699999999999932,-0.44300000000001205,-3.630000000000001,-18.0,-0.04999999999999982,0.0,0.0080816673755848,0.0080816673755848,0.0,-0.004679116143478934,-0.004679116143478934,0.0,-0.22801507537688448,-0.22801507537688448,0.002888888888888889,0.009,0.011888888888888888,0.003,0.001999999999999993,0.004999999999999993,0,0,0.006736922481409719,0,0.03712788813391986,-0.09828522515794025,-0.03236838936289821,0.29707748078615714,266.52615503718056,-4.526155037180558,4.526155037180558,0.009,0.0022630775185902806,1,18.0
2018-08-22,69.06,95.146,12.25,290,3.38,290,262.0,-2.039999999999992,0.9130000000000109,-0.03999999999999915,28.0,-0.050000000000000266,0.0,-0.028691983122362763,-0.028691983122362763,0.0,0.009688750225504972,0.009688750225504972,0.0,-0.0032546786004881145,-0.0032546786004881145,0.002888888888888889,-0.014,-0.011111111111111112,0.003,0.0020000000000000104,0.0050000000000000105,0,0,-0.0033156865178866103,0,0.03712788813391986,-0.09828522515794025,-0.03236838936289821,0.29707748078615714,268.6313730357732,21.36862696422679,21.36862696422679,-0.014,0.01068431348211339,1,28.0
2018-09-20,70.8,93.912,11.8,275,3.16,275,290.0,1.7399999999999949,-1.2339999999999947,-0.4499999999999993,-15.0,-0.21999999999999975,0.0,0.025195482189400487,0.025195482189400487,0.0,-0.012969541546675623,-0.012969541546675623,0.0,-0.03673469387755102,-0.03673469387755102,0.002888888888888889,0.0075,0.010388888888888888,0.003,0.00879999999999999,0.011799999999999991,0,0,0.004015837614261712,0,0.03712788813391986,-0.09828522515794025,-0.03236838936289821,0.29707748078615714,281.9683247714766,-6.968324771476603,6.968324771476603,0.0075,0.0034841623857382875,1,15.0
2018-10-18,68.65,95.9,20.06,271,3.43,271,275.0,-2.1499999999999915,1.9879999999999995,8.259999999999998,-4.0,0.27,0.0,-0.030367231638417924,-0.030367231638417924,0.0,0.021168753726893197,0.021168753726893197,0.0,0.6999999999999997,0.6999999999999997,0.002888888888888889,0.002,0.004888888888888889,0.003,-0.0108,-0.0078000000000000005,0,0,-0.03107201269861835,0,0.03712788813391986,-0.09828522515794025,-0.03236838936289821,0.29707748078615714,337.1440253972367,-66.1440253972367,66.1440253972367,0.002,0.03307201269861835,0,4.0
2018-11-15,56.46,96.927,19.98,277,4.04,277,271.0,-12.190000000000005,1.027000000000001,-0.0799999999999983,6.0,0.6099999999999999,0.0,-0.1775673707210489,-0.1775673707210489,0.0,0.010709071949947857,0.010709071949947857,0.0,-0.003988035892322994,-0.003988035892322994,0.002888888888888889,-0.003,-0.00011111111111111087,0.003,-0.024399999999999995,-0.021399999999999995,0,0,-0.016762505703355315,0,0.03712788813391986,-0.09828522515794025,-0.03236838936289821,0.29707748078615714,304.52501140671063,-27.525011406710632,27.525011406710632,-0.003,0.013762505703355316,1,6.0
